-- MySQL Script generated by MySQL Workbench
-- Wed Aug  6 13:12:47 2025
-- Model: New Model    Version: 1.0
-- MySQL Workbench Forward Engineering

SET @OLD_UNIQUE_CHECKS=@@UNIQUE_CHECKS, UNIQUE_CHECKS=0;
SET @OLD_FOREIGN_KEY_CHECKS=@@FOREIGN_KEY_CHECKS, FOREIGN_KEY_CHECKS=0;
SET @OLD_SQL_MODE=@@SQL_MODE, SQL_MODE='ONLY_FULL_GROUP_BY,STRICT_TRANS_TABLES,ERROR_FOR_DIVISION_BY_ZERO,NO_ENGINE_SUBSTITUTION';

-- -----------------------------------------------------
-- Schema default_schema
-- -----------------------------------------------------
SHOW WARNINGS;
-- -----------------------------------------------------
-- Schema crm
-- -----------------------------------------------------
DROP SCHEMA IF EXISTS `crm` ;

-- -----------------------------------------------------
-- Schema crm
-- -----------------------------------------------------
CREATE SCHEMA IF NOT EXISTS `crm` DEFAULT CHARACTER SET utf8mb4 ;
SHOW WARNINGS;
USE `crm` ;

-- -----------------------------------------------------
-- Table `crm`.`source_type`
-- -----------------------------------------------------
DROP TABLE IF EXISTS `crm`.`source_type` ;

SHOW WARNINGS;
CREATE TABLE IF NOT EXISTS `crm`.`source_type` (
  `source_type_id` MEDIUMINT NOT NULL AUTO_INCREMENT,
  `source_type_name` VARCHAR(100) NOT NULL,
  `status` TINYINT NOT NULL DEFAULT 1,
  `created_id` BIGINT NOT NULL,
  `created_dtm` TIMESTAMP NOT NULL DEFAULT CURRENT_TIMESTAMP,
  `modified_id` BIGINT NOT NULL,
  `modified_dtm` TIMESTAMP NOT NULL DEFAULT CURRENT_TIMESTAMP ON UPDATE CURRENT_TIMESTAMP,
  PRIMARY KEY (`source_type_id`))
ENGINE = InnoDB
DEFAULT CHARACTER SET = utf8mb4
COLLATE = utf8mb4_bin;

SHOW WARNINGS;

-- -----------------------------------------------------
-- Table `crm`.`lead_status_type`
-- -----------------------------------------------------
DROP TABLE IF EXISTS `crm`.`lead_status_type` ;

SHOW WARNINGS;
CREATE TABLE IF NOT EXISTS `crm`.`lead_status_type` (
  `lead_status_type_id` MEDIUMINT NOT NULL AUTO_INCREMENT,
  `lead_status_type_name` VARCHAR(100) NOT NULL,
  `status` TINYINT NOT NULL DEFAULT 1,
  `created_id` BIGINT NOT NULL,
  `created_dtm` TIMESTAMP NOT NULL DEFAULT CURRENT_TIMESTAMP,
  `modified_id` BIGINT NOT NULL,
  `modified_dtm` TIMESTAMP NOT NULL DEFAULT CURRENT_TIMESTAMP ON UPDATE CURRENT_TIMESTAMP,
  PRIMARY KEY (`lead_status_type_id`))
ENGINE = InnoDB;

SHOW WARNINGS;

-- -----------------------------------------------------
-- Table `crm`.`template_type`
-- -----------------------------------------------------
DROP TABLE IF EXISTS `crm`.`template_type` ;

SHOW WARNINGS;
CREATE TABLE IF NOT EXISTS `crm`.`template_type` (
  `template_type_id` MEDIUMINT NOT NULL AUTO_INCREMENT,
  `template_name` VARCHAR(45) NOT NULL,
  `template_subject` VARCHAR(200) NOT NULL,
  `template_html_name` VARCHAR(100) NOT NULL,
  `sender_logo_url` VARCHAR(500) NOT NULL,
  `sender_email_id` VARCHAR(100) NOT NULL,
  `cc_email_id` VARCHAR(100) NOT NULL,
  `reply_to_email_id` VARCHAR(100) NOT NULL,
  `mail_api_url` VARCHAR(500) NOT NULL,
  `unsubscribe_api_url` VARCHAR(500) NOT NULL,
  `status` TINYINT NOT NULL DEFAULT 1,
  `created_id` BIGINT NOT NULL,
  `created_dtm` TIMESTAMP NOT NULL DEFAULT CURRENT_TIMESTAMP,
  `modified_id` BIGINT NOT NULL,
  `modified_dtm` TIMESTAMP NOT NULL DEFAULT CURRENT_TIMESTAMP ON UPDATE CURRENT_TIMESTAMP,
  PRIMARY KEY (`template_type_id`))
ENGINE = InnoDB;

SHOW WARNINGS;

-- -----------------------------------------------------
-- Table `crm`.`leads`
-- -----------------------------------------------------
DROP TABLE IF EXISTS `crm`.`leads` ;

SHOW WARNINGS;
CREATE TABLE IF NOT EXISTS `crm`.`leads` (
  `lead_id` BIGINT NOT NULL AUTO_INCREMENT,
  `company_id` BIGINT NOT NULL,
  `lead_status_type_id` MEDIUMINT NOT NULL,
  `template_type_id` MEDIUMINT NOT NULL,
  `senior_manager_id` BIGINT NOT NULL,
  `team_manager_id` BIGINT NOT NULL,
  `assigned_by` BIGINT NOT NULL,
  `assigned_dtm` TIMESTAMP NOT NULL,
  `assigned_to` BIGINT NOT NULL,
  `target_dtm` TIMESTAMP NULL,
  `account_number` VARCHAR(100) NULL,
  `product_type` VARCHAR(100) NOT NULL,
  `product_account_number` VARCHAR(100) NULL,
  `agreement_id` VARCHAR(100) NULL,
  `business_name` VARCHAR(1000) NULL DEFAULT NULL,
  `customer_name` VARCHAR(1000) NOT NULL,
  `allocation_status` VARCHAR(100) NOT NULL,
  `customer_id` VARCHAR(100) NOT NULL,
  `passport_number` VARCHAR(100) NULL,
  `date_of_birth` VARCHAR(100) NULL,
  `bucket_status` VARCHAR(100) NULL,
  `vintage` VARCHAR(100) NULL,
  `date_of_woff` VARCHAR(100) NULL,
  `nationality` VARCHAR(100) NULL,
  `emirates_id_number` VARCHAR(100) NULL,
  `employer_details` VARCHAR(200) NULL,
  `designation` VARCHAR(200) NULL,
  `company_contact` VARCHAR(100) NULL,
  `withdraw_date` VARCHAR(100) NULL,
  `father_name` VARCHAR(100) NULL,
  `mother_name` VARCHAR(100) NULL,
  `spouse_name` VARCHAR(100) NULL,
  `pli_status` VARCHAR(100) NULL,
  `execution_status` VARCHAR(100) NULL,
  `overdue` VARCHAR(100) NULL,
  `banker_name` VARCHAR(200) NOT NULL,
  `is_visit_required` VARCHAR(10) NULL,
  `settlement_status` VARCHAR(45) NULL,
  `allocation_type` VARCHAR(10) NULL,
  `is_uploaded_record` TINYINT NOT NULL DEFAULT 0,
  `status` TINYINT NOT NULL DEFAULT 1,
  `created_id` BIGINT NOT NULL,
  `created_dtm` TIMESTAMP NOT NULL DEFAULT CURRENT_TIMESTAMP,
  `modified_id` BIGINT NOT NULL,
  `modified_dtm` TIMESTAMP NOT NULL DEFAULT CURRENT_TIMESTAMP ON UPDATE CURRENT_TIMESTAMP,
  PRIMARY KEY (`lead_id`),
  CONSTRAINT `fk_leads_lead_status_type`
    FOREIGN KEY (`lead_status_type_id`)
    REFERENCES `crm`.`lead_status_type` (`lead_status_type_id`)
    ON DELETE NO ACTION
    ON UPDATE NO ACTION,
  CONSTRAINT `fk_leads_template_type`
    FOREIGN KEY (`template_type_id`)
    REFERENCES `crm`.`template_type` (`template_type_id`)
    ON DELETE NO ACTION
    ON UPDATE NO ACTION)
ENGINE = InnoDB
DEFAULT CHARACTER SET = utf8mb4
COLLATE = utf8mb4_bin;

SHOW WARNINGS;
CREATE INDEX `fk_leads_lead_status_type` ON `crm`.`leads` (`lead_status_type_id` ASC) ;

SHOW WARNINGS;
CREATE INDEX `fk_leads_template_type` ON `crm`.`leads` (`template_type_id` ASC) ;

SHOW WARNINGS;
-- NOTE: Unique key on product_account_number removed to prevent duplicates when account numbers are NULL
-- Duplicate prevention is now handled in crm.create_lead stored procedure by checking company_id + customer_id + product_type
-- CREATE UNIQUE INDEX `uk_acc_pdt_type_pdt_acc` ON `crm`.`leads` (`product_type` ASC, `product_account_number` ASC, `company_id` ASC, `customer_id` ASC) ;

SHOW WARNINGS;
CREATE INDEX `i_pdt_ac_num` ON `crm`.`leads` (`product_account_number` ASC) ;

SHOW WARNINGS;
CREATE INDEX `i_company_id` ON `crm`.`leads` (`company_id` ASC) ;

SHOW WARNINGS;
CREATE INDEX `i_passport_num` ON `crm`.`leads` (`passport_number` ASC) ;

SHOW WARNINGS;
CREATE INDEX `i_lead_id_company_id` ON `crm`.`leads` (`lead_id` ASC, `company_id` ASC) ;

SHOW WARNINGS;

-- -----------------------------------------------------
-- Table `crm`.`task_type`
-- -----------------------------------------------------
DROP TABLE IF EXISTS `crm`.`task_type` ;

SHOW WARNINGS;
CREATE TABLE IF NOT EXISTS `crm`.`task_type` (
  `task_type_id` MEDIUMINT NOT NULL AUTO_INCREMENT,
  `task_type_name` VARCHAR(100) NOT NULL,
  `status` TINYINT NOT NULL DEFAULT 1,
  `created_id` BIGINT NOT NULL,
  `created_dtm` TIMESTAMP NOT NULL DEFAULT CURRENT_TIMESTAMP,
  `modified_id` BIGINT NOT NULL,
  `modified_dtm` TIMESTAMP NOT NULL DEFAULT CURRENT_TIMESTAMP ON UPDATE CURRENT_TIMESTAMP,
  PRIMARY KEY (`task_type_id`))
ENGINE = InnoDB;

SHOW WARNINGS;

-- -----------------------------------------------------
-- Table `crm`.`disposition_code`
-- -----------------------------------------------------
DROP TABLE IF EXISTS `crm`.`disposition_code` ;

SHOW WARNINGS;
CREATE TABLE IF NOT EXISTS `crm`.`disposition_code` (
  `disposition_code_id` BIGINT NOT NULL AUTO_INCREMENT,
  `stage` VARCHAR(100) NULL,
  `stage_status` VARCHAR(100) NOT NULL,
  `stage_status_name` VARCHAR(100) NOT NULL,
  `stage_status_code` VARCHAR(20) NOT NULL,
  `status` TINYINT NOT NULL DEFAULT 1,
  `created_id` BIGINT NOT NULL,
  `created_dtm` TIMESTAMP NOT NULL DEFAULT CURRENT_TIMESTAMP,
  `modified_id` BIGINT NOT NULL,
  `modified_dtm` TIMESTAMP NOT NULL DEFAULT CURRENT_TIMESTAMP ON UPDATE CURRENT_TIMESTAMP,
  PRIMARY KEY (`disposition_code_id`))
ENGINE = InnoDB;

SHOW WARNINGS;

-- -----------------------------------------------------
-- Table `crm`.`task_status_type`
-- -----------------------------------------------------
DROP TABLE IF EXISTS `crm`.`task_status_type` ;

SHOW WARNINGS;
CREATE TABLE IF NOT EXISTS `crm`.`task_status_type` (
  `task_status_type_id` MEDIUMINT NOT NULL AUTO_INCREMENT,
  `task_status_type_name` VARCHAR(100) NOT NULL,
  `status` TINYINT NOT NULL DEFAULT 1,
  `created_id` BIGINT NOT NULL,
  `created_dtm` TIMESTAMP NOT NULL DEFAULT CURRENT_TIMESTAMP,
  `modified_id` BIGINT NOT NULL,
  `modified_dtm` TIMESTAMP NOT NULL DEFAULT CURRENT_TIMESTAMP ON UPDATE CURRENT_TIMESTAMP,
  PRIMARY KEY (`task_status_type_id`))
ENGINE = InnoDB;

SHOW WARNINGS;

-- -----------------------------------------------------
-- Table `crm`.`task`
-- -----------------------------------------------------
DROP TABLE IF EXISTS `crm`.`task` ;

SHOW WARNINGS;
CREATE TABLE IF NOT EXISTS `crm`.`task` (
  `task_id` BIGINT NOT NULL AUTO_INCREMENT,
  `task_type_id` MEDIUMINT NOT NULL,
  `disposition_code_id` BIGINT NULL,
  `lead_id` BIGINT NOT NULL,
  `assigned_by` BIGINT NOT NULL,
  `assigned_dtm` TIMESTAMP NOT NULL,
  `assigned_to` BIGINT NULL,
  `target_dtm` TIMESTAMP NULL,
  `task_status_type_id` MEDIUMINT NOT NULL,
  `document_url` VARCHAR(5000) NULL,
  `mode_of_contact` VARCHAR(15) NULL,
  `is_automated` TINYINT NULL,
  `is_uploaded_record` TINYINT NOT NULL DEFAULT 0,
  `status` TINYINT NOT NULL DEFAULT 1,
  `created_id` BIGINT NOT NULL,
  `created_dtm` TIMESTAMP NOT NULL DEFAULT CURRENT_TIMESTAMP,
  `modified_id` BIGINT NOT NULL,
  `modified_dtm` TIMESTAMP NOT NULL DEFAULT CURRENT_TIMESTAMP ON UPDATE CURRENT_TIMESTAMP,
  PRIMARY KEY (`task_id`),
  CONSTRAINT `fk_task_task_type`
    FOREIGN KEY (`task_type_id`)
    REFERENCES `crm`.`task_type` (`task_type_id`)
    ON DELETE NO ACTION
    ON UPDATE NO ACTION,
  CONSTRAINT `fk_task_disp_code`
    FOREIGN KEY (`disposition_code_id`)
    REFERENCES `crm`.`disposition_code` (`disposition_code_id`)
    ON DELETE NO ACTION
    ON UPDATE NO ACTION,
  CONSTRAINT `fk_task_lead`
    FOREIGN KEY (`lead_id`)
    REFERENCES `crm`.`leads` (`lead_id`)
    ON DELETE NO ACTION
    ON UPDATE NO ACTION,
  CONSTRAINT `ffk_task_task_status`
    FOREIGN KEY (`task_status_type_id`)
    REFERENCES `crm`.`task_status_type` (`task_status_type_id`)
    ON DELETE NO ACTION
    ON UPDATE NO ACTION)
ENGINE = InnoDB;

SHOW WARNINGS;
CREATE INDEX `fk_task_task_type_idx` ON `crm`.`task` (`task_type_id` ASC) ;

SHOW WARNINGS;
CREATE INDEX `fk_task_lead_idx` ON `crm`.`task` (`lead_id` ASC) ;

SHOW WARNINGS;
CREATE INDEX `ffk_task_task_status_idx` ON `crm`.`task` (`task_status_type_id` ASC) ;

SHOW WARNINGS;
CREATE INDEX `fk_task_disp_code_idx` ON `crm`.`task` (`disposition_code_id` ASC) ;

SHOW WARNINGS;
CREATE UNIQUE INDEX `uk_task_lead_ttype_auto` ON `crm`.`task` (`lead_id` ASC, `task_type_id` ASC, `task_status_type_id` ASC, `assigned_to` ASC, `is_automated` ASC);


SHOW WARNINGS;

-- -----------------------------------------------------
-- Table `crm`.`notes`
-- -----------------------------------------------------
DROP TABLE IF EXISTS `crm`.`notes` ;

SHOW WARNINGS;
CREATE TABLE IF NOT EXISTS `crm`.`notes` (
  `note_id` BIGINT NOT NULL AUTO_INCREMENT,
  `task_id` BIGINT NOT NULL,
  `note` VARCHAR(5000) NOT NULL,
  `is_uploaded_record` TINYINT NOT NULL DEFAULT 0,
  `status` TINYINT NOT NULL DEFAULT 1,
  `created_id` BIGINT NOT NULL,
  `created_dtm` TIMESTAMP NOT NULL DEFAULT CURRENT_TIMESTAMP,
  `modified_id` BIGINT NOT NULL,
  `modified_dtm` TIMESTAMP NOT NULL DEFAULT CURRENT_TIMESTAMP ON UPDATE CURRENT_TIMESTAMP,
  PRIMARY KEY (`note_id`),
  CONSTRAINT `fk_notes_task`
    FOREIGN KEY (`task_id`)
    REFERENCES `crm`.`task` (`task_id`)
    ON DELETE NO ACTION
    ON UPDATE NO ACTION)
ENGINE = InnoDB
DEFAULT CHARACTER SET = utf8mb4
COLLATE = utf8mb4_bin;

SHOW WARNINGS;
CREATE INDEX `fk_notes_leads_idx` ON `crm`.`notes` (`task_id` ASC) ;

SHOW WARNINGS;

-- -----------------------------------------------------
-- Table `crm`.`lead_emails`
-- -----------------------------------------------------
DROP TABLE IF EXISTS `crm`.`lead_emails` ;

SHOW WARNINGS;
CREATE TABLE IF NOT EXISTS `crm`.`lead_emails` (
  `lead_email_id` BIGINT NOT NULL AUTO_INCREMENT,
  `lead_id` BIGINT NOT NULL,
  `template_type_id` MEDIUMINT NOT NULL,
  `email_sent` VARCHAR(10) NULL DEFAULT 'N',
  `email_sent_on` TIMESTAMP NOT NULL,
  `status` TINYINT NOT NULL DEFAULT 1,
  `created_id` BIGINT NOT NULL,
  `created_dtm` TIMESTAMP NOT NULL DEFAULT CURRENT_TIMESTAMP,
  `modified_id` BIGINT NOT NULL,
  `modified_dtm` TIMESTAMP NOT NULL DEFAULT CURRENT_TIMESTAMP ON UPDATE CURRENT_TIMESTAMP,
  PRIMARY KEY (`lead_email_id`),
  CONSTRAINT `fk_lead_emails_leads`
    FOREIGN KEY (`lead_id`)
    REFERENCES `crm`.`leads` (`lead_id`)
    ON DELETE NO ACTION
    ON UPDATE NO ACTION,
  CONSTRAINT `fk_lead_template_type`
    FOREIGN KEY (`template_type_id`)
    REFERENCES `crm`.`template_type` (`template_type_id`)
    ON DELETE NO ACTION
    ON UPDATE NO ACTION)
ENGINE = InnoDB;

SHOW WARNINGS;
CREATE INDEX `fk_lead_emails_leads_idx` ON `crm`.`lead_emails` (`lead_id` ASC) ;

SHOW WARNINGS;
CREATE INDEX `fk_lead_template_type_idx` ON `crm`.`lead_emails` (`template_type_id` ASC) ;

SHOW WARNINGS;
CREATE INDEX `fk_lead_emails_leads` ON `crm`.`lead_emails` (`lead_id` ASC) ;

SHOW WARNINGS;
CREATE INDEX `fk_lead_template_type` ON `crm`.`lead_emails` (`template_type_id` ASC) ;

SHOW WARNINGS;

-- -----------------------------------------------------
-- Table `crm`.`old_disposition_code`
-- -----------------------------------------------------
DROP TABLE IF EXISTS `crm`.`old_disposition_code` ;

SHOW WARNINGS;
CREATE TABLE IF NOT EXISTS `crm`.`old_disposition_code` (
  `old_disposition_code_id` BIGINT NOT NULL AUTO_INCREMENT,
  `disposition_stage` VARCHAR(100) NOT NULL,
  `disposition_status` VARCHAR(100) NOT NULL,
  `disposition_code` VARCHAR(20) NOT NULL,
  `status` TINYINT NOT NULL DEFAULT 1,
  `created_id` BIGINT NOT NULL,
  `created_dtm` TIMESTAMP NOT NULL DEFAULT CURRENT_TIMESTAMP,
  `modified_id` BIGINT NOT NULL,
  `modified_dtm` TIMESTAMP NOT NULL DEFAULT CURRENT_TIMESTAMP ON UPDATE CURRENT_TIMESTAMP,
  PRIMARY KEY (`old_disposition_code_id`))
ENGINE = InnoDB;

SHOW WARNINGS;
CREATE UNIQUE INDEX `uk_disp_status_code` ON `crm`.`old_disposition_code` (`disposition_status` ASC, `disposition_code` ASC) ;

SHOW WARNINGS;

-- -----------------------------------------------------
-- Table `crm`.`leads_audit`
-- -----------------------------------------------------
DROP TABLE IF EXISTS `crm`.`leads_audit` ;

SHOW WARNINGS;
CREATE TABLE IF NOT EXISTS `crm`.`leads_audit` (
  `leads_audit_id` BIGINT NOT NULL AUTO_INCREMENT,
  `leads_audit_dtm` TIMESTAMP NOT NULL DEFAULT CURRENT_TIMESTAMP,
  `lead_id` BIGINT NOT NULL,
  `company_id` BIGINT NULL,
  `lead_status_type_id` MEDIUMINT NULL,
  `template_type_id` MEDIUMINT NULL,
  `senior_manager_id` BIGINT NULL,
  `team_manager_id` BIGINT NULL,
  `assigned_by` BIGINT NULL,
  `assigned_dtm` TIMESTAMP NULL,
  `assigned_to` BIGINT NULL,
  `target_dtm` TIMESTAMP NULL,
  `account_number` VARCHAR(100) NULL,
  `product_type` VARCHAR(100) NULL,
  `product_account_number` VARCHAR(100) NULL,
  `agreement_id` VARCHAR(100) NULL,
  `business_name` VARCHAR(1000) NULL DEFAULT NULL,
  `customer_name` VARCHAR(1000) NULL,
  `allocation_status` VARCHAR(100) NULL,
  `customer_id` VARCHAR(100) NULL,
  `passport_number` VARCHAR(100) NULL,
  `date_of_birth` VARCHAR(100) NULL,
  `bucket_status` VARCHAR(100) NULL,
  `vintage` VARCHAR(100) NULL,
  `date_of_woff` VARCHAR(100) NULL,
  `nationality` VARCHAR(100) NULL,
  `emirates_id_number` VARCHAR(100) NULL,
  `employer_details` VARCHAR(200) NULL,
  `designation` VARCHAR(200) NULL,
  `company_contact` VARCHAR(100) NULL,
  `withdraw_date` VARCHAR(100) NULL,
  `father_name` VARCHAR(100) NULL,
  `mother_name` VARCHAR(100) NULL,
  `spouse_name` VARCHAR(100) NULL,
  `pli_status` VARCHAR(100) NULL,
  `execution_status` VARCHAR(100) NULL,
  `overdue` VARCHAR(100) NULL,
  `banker_name` VARCHAR(200) NULL,
  `is_visit_required` VARCHAR(10) NULL,
  `settlement_status` VARCHAR(45) NULL,
  `allocation_type` VARCHAR(10) NULL,
  `is_uploaded_record` TINYINT NULL,
  `status` TINYINT NULL DEFAULT 1,
  `created_id` BIGINT NULL,
  `created_dtm` TIMESTAMP NULL DEFAULT CURRENT_TIMESTAMP,
  `modified_id` BIGINT NULL,
  `modified_dtm` TIMESTAMP NULL DEFAULT CURRENT_TIMESTAMP ON UPDATE CURRENT_TIMESTAMP,
  PRIMARY KEY (`leads_audit_id`))
ENGINE = InnoDB
DEFAULT CHARACTER SET = utf8mb4
COLLATE = utf8mb4_bin;

SHOW WARNINGS;

-- -----------------------------------------------------
-- Table `crm`.`activity_log`
-- -----------------------------------------------------
DROP TABLE IF EXISTS `crm`.`activity_log` ;

SHOW WARNINGS;
CREATE TABLE IF NOT EXISTS `crm`.`activity_log` (
  `activity_log_id` BIGINT NOT NULL AUTO_INCREMENT,
  `lead_id` BIGINT NOT NULL,
  `activity_type` VARCHAR(45) NOT NULL,
  `activity_doc_type` CHAR(1) NOT NULL,
  `activity_doc_pk_id` BIGINT NOT NULL,
  `activity_detail` TEXT NOT NULL,
  `activity_dtm` TIMESTAMP NOT NULL DEFAULT CURRENT_TIMESTAMP,
  `task_type` VARCHAR(100) NULL,
  `stage` VARCHAR(45) NULL,
  `stage_status` VARCHAR(100) NULL,
  `stage_status_name` VARCHAR(100) NULL,
  `stage_status_code` VARCHAR(20) NULL,
  `task_status_type` VARCHAR(100) NULL,
  `lead_status_type` VARCHAR(100) NULL,
  `is_uploaded_record` TINYINT NULL,  
  `is_touched` TINYINT NOT NULL DEFAULT 0,  
  `status` TINYINT NOT NULL DEFAULT 1,
  `created_id` BIGINT NOT NULL,
  `created_dtm` TIMESTAMP NOT NULL DEFAULT CURRENT_TIMESTAMP,
  `modified_id` BIGINT NOT NULL,
  `modified_dtm` TIMESTAMP NOT NULL DEFAULT CURRENT_TIMESTAMP ON UPDATE CURRENT_TIMESTAMP,
  PRIMARY KEY (`activity_log_id`))
ENGINE = InnoDB;

SHOW WARNINGS;
CREATE INDEX `i_lead_activity` ON `crm`.`activity_log` (`lead_id` ASC, `activity_doc_type` ASC, `activity_doc_pk_id` ASC) ;

SHOW WARNINGS;
CREATE INDEX `i_lead_id_activity_dtm` ON `crm`.`activity_log` (`lead_id` ASC, `activity_dtm` ASC) ;

SHOW WARNINGS;
CREATE INDEX `i_activity_dtm` ON `crm`.`activity_log` (`activity_dtm` ASC) ;

SHOW WARNINGS;
CREATE INDEX `i_created_id` ON `crm`.`activity_log` (`created_id` ASC) ;

SHOW WARNINGS;

-- -----------------------------------------------------
-- Table `crm`.`leads_payment_ledger`
-- -----------------------------------------------------
DROP TABLE IF EXISTS `crm`.`leads_payment_ledger` ;

SHOW WARNINGS;
CREATE TABLE IF NOT EXISTS `crm`.`leads_payment_ledger` (
  `lead_payment_ledger_id` BIGINT NOT NULL AUTO_INCREMENT,
  `lead_id` BIGINT NOT NULL,
  `task_id` BIGINT NULL,
  `last_paid_amount` FLOAT NULL,
  `last_paid_date` DATE NULL,
  `credit_limit` FLOAT NULL,
  `principal_outstanding_amount` FLOAT NULL,
  `total_outstanding_amount` FLOAT NULL,
  `minimum_payment` FLOAT NULL,
  `ghrc_offer_1` VARCHAR(100) NULL,
  `ghrc_offer_2` VARCHAR(100) NULL,
  `ghrc_offer_3` VARCHAR(100) NULL,
  `is_uploaded_record` TINYINT NOT NULL DEFAULT 0,
  `status` TINYINT NOT NULL DEFAULT 1,
  `created_id` BIGINT NOT NULL,
  `created_dtm` TIMESTAMP NOT NULL DEFAULT CURRENT_TIMESTAMP,
  `modified_id` BIGINT NOT NULL,
  `modified_dtm` TIMESTAMP NOT NULL DEFAULT CURRENT_TIMESTAMP ON UPDATE CURRENT_TIMESTAMP,
  PRIMARY KEY (`lead_payment_ledger_id`),
  CONSTRAINT `fk_lead_id`
    FOREIGN KEY (`lead_id`)
    REFERENCES `crm`.`leads` (`lead_id`)
    ON DELETE NO ACTION
    ON UPDATE NO ACTION,
  CONSTRAINT `fk_lpl_task_id`
    FOREIGN KEY (`task_id`)
    REFERENCES `crm`.`task` (`task_id`)
    ON DELETE NO ACTION
    ON UPDATE NO ACTION)
ENGINE = InnoDB;

SHOW WARNINGS;
CREATE UNIQUE INDEX `u1_last_paid_amount_lpd` ON `crm`.`leads_payment_ledger` (`lead_id` ASC, `task_id` ASC, `last_paid_amount` ASC, `last_paid_date` ASC) ;

SHOW WARNINGS;
CREATE INDEX `fk_lpl_task_id_idx` ON `crm`.`leads_payment_ledger` (`task_id` ASC) ;

SHOW WARNINGS;

-- -----------------------------------------------------
-- Table `crm`.`address`
-- -----------------------------------------------------
DROP TABLE IF EXISTS `crm`.`address` ;

SHOW WARNINGS;
CREATE TABLE IF NOT EXISTS `crm`.`address` (
  `address_id` BIGINT NOT NULL AUTO_INCREMENT,
  `lead_id` BIGINT NOT NULL,
  `task_id` BIGINT NULL,
  `contact_mode_list` VARCHAR(100) NULL,
  `address_name` VARCHAR(100) NULL,
  `address_line_1` VARCHAR(500) NULL,
  `address_line_2` VARCHAR(500) NULL,
  `address_line_3` VARCHAR(500) NULL,
  `city` VARCHAR(100) NULL,
  `state` VARCHAR(100) NULL,
  `country` VARCHAR(100) NULL,
  `zipcode` VARCHAR(45) NULL,
  `address_type` VARCHAR(45) NULL,
  `residence_type` VARCHAR(45) NULL,
  `living_status` VARCHAR(45) NULL,
  `photo` VARCHAR(1000) NULL,
  `current_location` VARCHAR(100) NULL,
  `is_primary` TINYINT NULL DEFAULT 0,
  `is_uploaded_record` TINYINT NOT NULL DEFAULT 0,
  `status` TINYINT NOT NULL DEFAULT 1,
  `created_id` BIGINT NOT NULL,
  `created_dtm` TIMESTAMP NOT NULL DEFAULT CURRENT_TIMESTAMP,
  `modified_id` BIGINT NOT NULL,
  `modified_dtm` TIMESTAMP NOT NULL DEFAULT CURRENT_TIMESTAMP ON UPDATE CURRENT_TIMESTAMP,
  PRIMARY KEY (`address_id`),
  CONSTRAINT `fk_address_lead_id`
    FOREIGN KEY (`lead_id`)
    REFERENCES `crm`.`leads` (`lead_id`)
    ON DELETE NO ACTION
    ON UPDATE NO ACTION)
ENGINE = InnoDB;

SHOW WARNINGS;
CREATE INDEX `fk_lead_id_idx` ON `crm`.`address` (`lead_id` ASC) ;

SHOW WARNINGS;
CREATE UNIQUE INDEX `uk_add_city_state` ON `crm`.`address` (`lead_id` ASC, `task_id` ASC, `address_name` ASC, `address_line_1` ASC, `city` ASC, `zipcode` ASC) ;

SHOW WARNINGS;

-- -----------------------------------------------------
-- Table `crm`.`contact`
-- -----------------------------------------------------
DROP TABLE IF EXISTS `crm`.`contact` ;

SHOW WARNINGS;
CREATE TABLE IF NOT EXISTS `crm`.`contact` (
  `contact_id` BIGINT NOT NULL AUTO_INCREMENT,
  `lead_id` BIGINT NOT NULL,
  `task_id` BIGINT NULL,
  `contact_mode_list` VARCHAR(100) NULL,
  `customer_name` VARCHAR(100) NULL,
  `email` VARCHAR(100) NULL,
  `phone` VARCHAR(20) NULL,
  `phone_ext` VARCHAR(10) NULL,
  `alternate_phone` VARCHAR(20) NULL,
  `contact_name` VARCHAR(45) NULL,
  `relationship` VARCHAR(45) NULL,
  `contact_name_ph_no` VARCHAR(20) NULL,
  `employment_status` VARCHAR(45) NULL,
  `employment_type` VARCHAR(45) NULL,
  `photo` VARCHAR(1000) NULL,
  `is_primary` TINYINT NULL DEFAULT 0,
  `is_uploaded_record` TINYINT NOT NULL DEFAULT 0,
  `status` TINYINT NOT NULL DEFAULT 1,
  `created_id` BIGINT NOT NULL,
  `created_dtm` TIMESTAMP NOT NULL DEFAULT CURRENT_TIMESTAMP,
  `modified_id` BIGINT NOT NULL,
  `modified_dtm` TIMESTAMP NOT NULL DEFAULT CURRENT_TIMESTAMP ON UPDATE CURRENT_TIMESTAMP,
  PRIMARY KEY (`contact_id`),
  CONSTRAINT `fk_contact_lead_id`
    FOREIGN KEY (`lead_id`)
    REFERENCES `crm`.`leads` (`lead_id`)
    ON DELETE NO ACTION
    ON UPDATE NO ACTION)
ENGINE = InnoDB;

SHOW WARNINGS;
CREATE INDEX `fk_lead_id_idx` ON `crm`.`contact` (`lead_id` ASC) ;

SHOW WARNINGS;
CREATE UNIQUE INDEX `u_cust_name_ph` ON `crm`.`contact` (`lead_id` ASC, `task_id` ASC, `customer_name` ASC, `email` ASC, `phone` ASC) ;

SHOW WARNINGS;

-- -----------------------------------------------------
-- Table `crm`.`sq_parameter_type`
-- -----------------------------------------------------
DROP TABLE IF EXISTS `crm`.`sq_parameter_type` ;

SHOW WARNINGS;
CREATE TABLE IF NOT EXISTS `crm`.`sq_parameter_type` (
  `sq_parameter_type_id` BIGINT NOT NULL AUTO_INCREMENT,
  `sq_parameter_type_name` VARCHAR(45) NOT NULL,
  `status` TINYINT NOT NULL DEFAULT 1,
  `created_id` BIGINT NOT NULL,
  `created_dtm` TIMESTAMP NOT NULL DEFAULT CURRENT_TIMESTAMP,
  `modified_id` BIGINT NOT NULL,
  `modified_dtm` TIMESTAMP NOT NULL DEFAULT CURRENT_TIMESTAMP ON UPDATE CURRENT_TIMESTAMP,
  PRIMARY KEY (`sq_parameter_type_id`))
ENGINE = InnoDB;

SHOW WARNINGS;

-- -----------------------------------------------------
-- Table `crm`.`sq_check`
-- -----------------------------------------------------
DROP TABLE IF EXISTS `crm`.`sq_check` ;

SHOW WARNINGS;
CREATE TABLE IF NOT EXISTS `crm`.`sq_check` (
  `sq_check_id` BIGINT NOT NULL AUTO_INCREMENT,
  `lead_id` BIGINT NOT NULL,
  `task_id` BIGINT NULL,
  `sq_parameter_type_id` BIGINT NOT NULL,
  `scoring1_status` VARCHAR(10) NULL,
  `scoring1` FLOAT NULL,
  `scoring2_status` VARCHAR(10) NULL,
  `scoring2` FLOAT NULL,
  `scoring3_status` VARCHAR(10) NULL,
  `scoring3` FLOAT NULL,
  `status` TINYINT NOT NULL DEFAULT 1,
  `created_id` BIGINT NOT NULL,
  `created_dtm` TIMESTAMP NOT NULL DEFAULT CURRENT_TIMESTAMP,
  `modified_id` BIGINT NOT NULL,
  `modified_dtm` TIMESTAMP NOT NULL DEFAULT CURRENT_TIMESTAMP ON UPDATE CURRENT_TIMESTAMP,
  PRIMARY KEY (`sq_check_id`),
  CONSTRAINT `fk_sq_chk_lead_id`
    FOREIGN KEY (`lead_id`)
    REFERENCES `crm`.`leads` (`lead_id`)
    ON DELETE NO ACTION
    ON UPDATE NO ACTION,
  CONSTRAINT `fk_sq_param_id`
    FOREIGN KEY (`sq_parameter_type_id`)
    REFERENCES `crm`.`sq_parameter_type` (`sq_parameter_type_id`)
    ON DELETE NO ACTION
    ON UPDATE NO ACTION)
ENGINE = InnoDB;

SHOW WARNINGS;
CREATE INDEX `fk_sq_chk_lead_id_idx` ON `crm`.`sq_check` (`lead_id` ASC) ;

SHOW WARNINGS;
CREATE INDEX `fk_sq_param_id_idx` ON `crm`.`sq_check` (`sq_parameter_type_id` ASC) ;

SHOW WARNINGS;

-- -----------------------------------------------------
-- Table `crm`.`visa_check`
-- -----------------------------------------------------
DROP TABLE IF EXISTS `crm`.`visa_check` ;

SHOW WARNINGS;
CREATE TABLE IF NOT EXISTS `crm`.`visa_check` (
  `visa_check_id` BIGINT NOT NULL AUTO_INCREMENT,
  `lead_id` BIGINT NOT NULL,
  `task_id` BIGINT NULL,
  `contact_mode_list` VARCHAR(100) NULL,
  `visa_passport_no` VARCHAR(45) NULL,
  `visa_status` VARCHAR(45) NULL,
  `visa_expiry_date` TIMESTAMP NULL,
  `visa_file_number` VARCHAR(45) NULL,
  `visa_emirates` VARCHAR(45) NULL,
  `visa_company_name` VARCHAR(45) NULL,
  `visa_designation` VARCHAR(45) NULL,
  `visa_contact_no` VARCHAR(45) NULL,
  `new_emirates_id` VARCHAR(45) NULL,
  `unified_number` VARCHAR(45) NULL,
  `is_uploaded_record` TINYINT NOT NULL DEFAULT 0,  
  `status` TINYINT NOT NULL DEFAULT 1,
  `created_id` BIGINT NOT NULL,
  `created_dtm` TIMESTAMP NOT NULL DEFAULT CURRENT_TIMESTAMP,
  `modified_id` BIGINT NOT NULL,
  `modified_dtm` TIMESTAMP NOT NULL DEFAULT CURRENT_TIMESTAMP ON UPDATE CURRENT_TIMESTAMP,
  PRIMARY KEY (`visa_check_id`),
  CONSTRAINT `fk_visa_lead_id`
    FOREIGN KEY (`lead_id`)
    REFERENCES `crm`.`leads` (`lead_id`)
    ON DELETE NO ACTION
    ON UPDATE NO ACTION)
ENGINE = InnoDB;

SHOW WARNINGS;
CREATE INDEX `fk_visa_lead_id_idx` ON `crm`.`visa_check` (`lead_id` ASC) ;

SHOW WARNINGS;
CREATE UNIQUE INDEX `uk_visa_chk` ON `crm`.`visa_check` (`lead_id` ASC, `task_id` ASC, `visa_passport_no` ASC, `visa_status` ASC, `visa_expiry_date` ASC, `visa_file_number` ASC, `visa_emirates` ASC, `visa_company_name` ASC, `visa_designation` ASC, `visa_contact_no` ASC) ;

SHOW WARNINGS;

-- -----------------------------------------------------
-- Table `crm`.`mol_check`
-- -----------------------------------------------------
DROP TABLE IF EXISTS `crm`.`mol_check` ;

SHOW WARNINGS;
CREATE TABLE IF NOT EXISTS `crm`.`mol_check` (
  `mol_check_id` BIGINT NOT NULL AUTO_INCREMENT,
  `lead_id` BIGINT NOT NULL,
  `task_id` BIGINT NULL,
  `contact_mode_list` VARCHAR(100) NULL,
  `mol_status` VARCHAR(45) NULL,
  `mol_work_permit_no` VARCHAR(45) NULL,
  `mol_company_name` VARCHAR(100) NULL,
  `mol_expiry_date` TIMESTAMP NULL,
  `mol_salary` VARCHAR(45) NULL,
  `mol_passport_no` VARCHAR(45) NULL,
  `is_uploaded_record` TINYINT NOT NULL DEFAULT 0,
  `status` TINYINT NOT NULL DEFAULT 1,
  `created_id` BIGINT NOT NULL,
  `created_dtm` TIMESTAMP NOT NULL DEFAULT CURRENT_TIMESTAMP,
  `modified_id` BIGINT NOT NULL,
  `modified_dtm` TIMESTAMP NOT NULL DEFAULT CURRENT_TIMESTAMP ON UPDATE CURRENT_TIMESTAMP,
  PRIMARY KEY (`mol_check_id`),
  CONSTRAINT `fk_mol_lead_id`
    FOREIGN KEY (`lead_id`)
    REFERENCES `crm`.`leads` (`lead_id`)
    ON DELETE NO ACTION
    ON UPDATE NO ACTION)
ENGINE = InnoDB;

SHOW WARNINGS;
CREATE INDEX `fk_mol_lead_id_idx` ON `crm`.`mol_check` (`lead_id` ASC) ;

SHOW WARNINGS;
CREATE UNIQUE INDEX `uk_mol_chk` ON `crm`.`mol_check` (`lead_id` ASC, `task_id` ASC, `mol_status` ASC, `mol_work_permit_no` ASC, `mol_company_name` ASC, `mol_expiry_date` ASC, `mol_salary` ASC, `mol_passport_no` ASC) ;

SHOW WARNINGS;

-- -----------------------------------------------------
-- Table `crm`.`tracing_details`
-- -----------------------------------------------------
DROP TABLE IF EXISTS `crm`.`tracing_details` ;

SHOW WARNINGS;
CREATE TABLE IF NOT EXISTS `crm`.`tracing_details` (
  `traced_details_id` BIGINT NOT NULL AUTO_INCREMENT,
  `lead_id` BIGINT NOT NULL,
  `task_id` BIGINT NULL,
  `sql_details` VARCHAR(700) NULL,
  `company_trade_license_details` VARCHAR(1000) NULL,
  `additional_details` VARCHAR(1000) NULL,
  `is_uploaded_record` TINYINT NOT NULL DEFAULT 0,
  `status` TINYINT NOT NULL DEFAULT 1,
  `created_id` BIGINT NOT NULL,
  `created_dtm` TIMESTAMP NOT NULL DEFAULT CURRENT_TIMESTAMP,
  `modified_id` BIGINT NOT NULL,
  `modified_dtm` TIMESTAMP NOT NULL DEFAULT CURRENT_TIMESTAMP ON UPDATE CURRENT_TIMESTAMP,
  PRIMARY KEY (`traced_details_id`),
  CONSTRAINT `fk_traced_leads_id`
    FOREIGN KEY (`lead_id`)
    REFERENCES `crm`.`leads` (`lead_id`)
    ON DELETE NO ACTION
    ON UPDATE NO ACTION)
ENGINE = InnoDB;

SHOW WARNINGS;
CREATE INDEX `fk_traced_leads_id_idx` ON `crm`.`tracing_details` (`lead_id` ASC) ;

SHOW WARNINGS;
CREATE UNIQUE INDEX `uk_td_details` ON `crm`.`tracing_details` (`lead_id` ASC, `task_id` ASC, `sql_details` ASC) ;

SHOW WARNINGS;

-- -----------------------------------------------------
-- Table `crm`.`tracing_source_type`
-- -----------------------------------------------------
DROP TABLE IF EXISTS `crm`.`tracing_source_type` ;

SHOW WARNINGS;
CREATE TABLE IF NOT EXISTS `crm`.`tracing_source_type` (
  `tracing_source_type_id` BIGINT NOT NULL AUTO_INCREMENT,
  `tracing_source_type_name` VARCHAR(100) NOT NULL,
  `status` TINYINT NOT NULL DEFAULT 1,
  `created_id` BIGINT NOT NULL,
  `created_dtm` TIMESTAMP NOT NULL DEFAULT CURRENT_TIMESTAMP,
  `modified_id` BIGINT NOT NULL,
  `modified_dtm` TIMESTAMP NOT NULL DEFAULT CURRENT_TIMESTAMP ON UPDATE CURRENT_TIMESTAMP,
  PRIMARY KEY (`tracing_source_type_id`))
ENGINE = InnoDB;

SHOW WARNINGS;

-- -----------------------------------------------------
-- Table `crm`.`web_tracing_details`
-- -----------------------------------------------------
DROP TABLE IF EXISTS `crm`.`web_tracing_details` ;

SHOW WARNINGS;
CREATE TABLE IF NOT EXISTS `crm`.`web_tracing_details` (
  `web_tracing_details_id` BIGINT NOT NULL AUTO_INCREMENT,
  `lead_id` BIGINT NOT NULL,
  `task_id` BIGINT NULL,
  `tracing_source_type_id` BIGINT NOT NULL,
  `traced_details` VARCHAR(1000) NOT NULL,
  `is_uploaded_record` TINYINT NOT NULL DEFAULT 0,
  `status` TINYINT NOT NULL DEFAULT 1,
  `created_id` BIGINT NOT NULL,
  `created_dtm` TIMESTAMP NOT NULL DEFAULT CURRENT_TIMESTAMP,
  `modified_id` BIGINT NOT NULL,
  `modified_dtm` TIMESTAMP NOT NULL DEFAULT CURRENT_TIMESTAMP ON UPDATE CURRENT_TIMESTAMP,
  PRIMARY KEY (`web_tracing_details_id`),
  CONSTRAINT `fk_trace_source_type_id`
    FOREIGN KEY (`tracing_source_type_id`)
    REFERENCES `crm`.`tracing_source_type` (`tracing_source_type_id`)
    ON DELETE NO ACTION
    ON UPDATE NO ACTION,
  CONSTRAINT `fk_traced_lead_id`
    FOREIGN KEY (`lead_id`)
    REFERENCES `crm`.`leads` (`lead_id`)
    ON DELETE NO ACTION
    ON UPDATE NO ACTION)
ENGINE = InnoDB;

SHOW WARNINGS;
CREATE INDEX `fk_trace_source_type_id_idx` ON `crm`.`web_tracing_details` (`tracing_source_type_id` ASC) ;

SHOW WARNINGS;
CREATE INDEX `fk_traced_lead_id_idx` ON `crm`.`web_tracing_details` (`lead_id` ASC) ;

SHOW WARNINGS;

-- -----------------------------------------------------
-- Table `crm`.`target`
-- -----------------------------------------------------
DROP TABLE IF EXISTS `crm`.`target` ;

SHOW WARNINGS;
CREATE TABLE IF NOT EXISTS `crm`.`target` (
  `target_id` BIGINT NOT NULL AUTO_INCREMENT,
  `admin_id` BIGINT NOT NULL,
  `senior_manager_id` BIGINT NULL,
  `team_manager_id` BIGINT NULL,
  `team_lead_id` BIGINT NULL,
  `agent_id` BIGINT NULL,
  `target_amount` FLOAT NOT NULL,
  `target_assigned_by` BIGINT NOT NULL,
  `working_days` INT NOT NULL,
  `achieved_target` FLOAT NULL,
  `from_date` TIMESTAMP NULL,
  `to_date` TIMESTAMP NULL,
  `status` TINYINT NOT NULL DEFAULT 1,
  `created_id` BIGINT NOT NULL,
  `created_dtm` TIMESTAMP NOT NULL DEFAULT CURRENT_TIMESTAMP,
  `modified_id` BIGINT NOT NULL,
  `modified_dtm` TIMESTAMP NOT NULL DEFAULT CURRENT_TIMESTAMP ON UPDATE CURRENT_TIMESTAMP,
  PRIMARY KEY (`target_id`))
ENGINE = InnoDB;

SHOW WARNINGS;

SET SQL_MODE=@OLD_SQL_MODE;
SET FOREIGN_KEY_CHECKS=@OLD_FOREIGN_KEY_CHECKS;
SET UNIQUE_CHECKS=@OLD_UNIQUE_CHECKS;

-- -----------------------------------------------------
-- Data for table `crm`.`lead_status_type`
-- -----------------------------------------------------
START TRANSACTION;
USE `crm`;
INSERT INTO `crm`.`lead_status_type` (`lead_status_type_id`, `lead_status_type_name`, `status`, `created_id`, `created_dtm`, `modified_id`, `modified_dtm`) VALUES (1, 'PENDING', 1, 1, '2024-05-15 08:47:44', 1, '2024-05-15 08:47:44');
INSERT INTO `crm`.`lead_status_type` (`lead_status_type_id`, `lead_status_type_name`, `status`, `created_id`, `created_dtm`, `modified_id`, `modified_dtm`) VALUES (2, 'IN PROGRESS', 1, 1, '2024-05-15 08:47:44', 1, '2024-05-15 08:47:44');
INSERT INTO `crm`.`lead_status_type` (`lead_status_type_id`, `lead_status_type_name`, `status`, `created_id`, `created_dtm`, `modified_id`, `modified_dtm`) VALUES (3, 'COMPLETED', 1, 1, '2024-05-15 08:47:44', 1, '2024-05-15 08:47:44');
INSERT INTO `crm`.`lead_status_type` (`lead_status_type_id`, `lead_status_type_name`, `status`, `created_id`, `created_dtm`, `modified_id`, `modified_dtm`) VALUES (4, 'DEFERRED', 1, 1, '2024-05-15 08:47:44', 1, '2024-05-15 08:47:44');
INSERT INTO `crm`.`lead_status_type` (`lead_status_type_id`, `lead_status_type_name`, `status`, `created_id`, `created_dtm`, `modified_id`, `modified_dtm`) VALUES (5, 'CANCELLED', 1, 1, '2024-05-15 08:47:44', 1, '2024-05-15 08:47:44');
INSERT INTO `crm`.`lead_status_type` (`lead_status_type_id`, `lead_status_type_name`, `status`, `created_id`, `created_dtm`, `modified_id`, `modified_dtm`) VALUES (6, 'STOP FOLLOW UP', 1, 1, '2024-05-15 08:47:44', 1, '2024-05-15 08:47:44');
INSERT INTO `crm`.`lead_status_type` (`lead_status_type_id`, `lead_status_type_name`, `status`, `created_id`, `created_dtm`, `modified_id`, `modified_dtm`) VALUES (7, 'REASSIGNMENT REQUEST', 1, 1, '2024-05-15 08:47:44', 1, '2024-05-15 08:47:44');

COMMIT;


-- -----------------------------------------------------
-- Data for table `crm`.`template_type`
-- -----------------------------------------------------
START TRANSACTION;
USE `crm`;
INSERT INTO `crm`.`template_type` (`template_type_id`, `template_name`, `template_subject`, `template_html_name`, `sender_logo_url`, `sender_email_id`, `cc_email_id`, `reply_to_email_id`, `mail_api_url`, `unsubscribe_api_url`, `status`, `created_id`, `created_dtm`, `modified_id`, `modified_dtm`) VALUES (1, 'DEFAULT', 'Hi', 'default.html', 'www.google.com', 'webadmin@codeswift.in', 'webadmin@codeswift.in', 'webadmin@codeswift.in', 'www.google.com', 'www.google.com', 1, 1, '2024-05-15 08:47:44', 1, '2024-05-15 08:47:44');

COMMIT;


-- -----------------------------------------------------
-- Data for table `crm`.`task_type`
-- -----------------------------------------------------
START TRANSACTION;
USE `crm`;
INSERT INTO `crm`.`task_type` (`task_type_id`, `task_type_name`, `status`, `created_id`, `created_dtm`, `modified_id`, `modified_dtm`) VALUES (1, 'PRELIMINARY CHECKS', 1, 1, '2024-05-14 18:21:51', 1, '2024-05-14 18:21:51');
INSERT INTO `crm`.`task_type` (`task_type_id`, `task_type_name`, `status`, `created_id`, `created_dtm`, `modified_id`, `modified_dtm`) VALUES (2, 'FOLLOW UP', 1, 1, '2024-05-14 18:21:51', 1, '2024-05-14 18:21:51');
INSERT INTO `crm`.`task_type` (`task_type_id`, `task_type_name`, `status`, `created_id`, `created_dtm`, `modified_id`, `modified_dtm`) VALUES (3, 'DOCUMENT UPLOAD', 1, 1, '2024-05-14 18:21:51', 1, '2024-05-14 18:21:51');
INSERT INTO `crm`.`task_type` (`task_type_id`, `task_type_name`, `status`, `created_id`, `created_dtm`, `modified_id`, `modified_dtm`) VALUES (4, 'FIELD VISIT', 1, 1, '2024-05-14 18:21:51', 1, '2024-05-14 18:21:51');
INSERT INTO `crm`.`task_type` (`task_type_id`, `task_type_name`, `status`, `created_id`, `created_dtm`, `modified_id`, `modified_dtm`) VALUES (5, 'POLICE AND EXECUTION CASE DETAILS', 1, 1, '2024-05-14 18:21:51', 1, '2024-05-14 18:21:51');
INSERT INTO `crm`.`task_type` (`task_type_id`, `task_type_name`, `status`, `created_id`, `created_dtm`, `modified_id`, `modified_dtm`) VALUES (6, 'SQ CHECK', 0, 1, '2024-05-14 18:21:51', 1, '2024-05-14 18:21:51');
INSERT INTO `crm`.`task_type` (`task_type_id`, `task_type_name`, `status`, `created_id`, `created_dtm`, `modified_id`, `modified_dtm`) VALUES (7, 'CALL REMINDER', 1, 1, '2024-05-14 18:21:51', 1, '2024-05-14 18:21:51');
INSERT INTO `crm`.`task_type` (`task_type_id`, `task_type_name`, `status`, `created_id`, `created_dtm`, `modified_id`, `modified_dtm`) VALUES (8, 'PAYMENT COLLECTION', 1, 1, '2024-05-14 18:21:51', 1, '2024-05-14 18:21:51');

COMMIT;


-- -----------------------------------------------------
-- Data for table `crm`.`disposition_code`
-- -----------------------------------------------------
START TRANSACTION;
USE `crm`;
INSERT INTO `crm`.`disposition_code` (`disposition_code_id`, `stage`, `stage_status`, `stage_status_name`, `stage_status_code`, `status`, `created_id`, `created_dtm`, `modified_id`, `modified_dtm`) VALUES (1, 'CONTACTED', 'RIGHT PARTY CONTACT', 'UNDER NEGOTIATION', 'UNG', 1, 1, '2024-07-18 11:51:06', 1, '2024-07-18 11:51:06');
INSERT INTO `crm`.`disposition_code` (`disposition_code_id`, `stage`, `stage_status`, `stage_status_name`, `stage_status_code`, `status`, `created_id`, `created_dtm`, `modified_id`, `modified_dtm`) VALUES (2, 'CONTACTED', 'RIGHT PARTY CONTACT', 'FOLLOW UP', 'FP', 1, 1, '2024-07-18 11:51:06', 1, '2024-07-18 11:51:06');
INSERT INTO `crm`.`disposition_code` (`disposition_code_id`, `stage`, `stage_status`, `stage_status_name`, `stage_status_code`, `status`, `created_id`, `created_dtm`, `modified_id`, `modified_dtm`) VALUES (3, 'CONTACTED', 'RIGHT PARTY CONTACT', 'CALL BACK', 'CB', 1, 1, '2024-07-18 11:51:06', 1, '2024-07-18 11:51:06');
INSERT INTO `crm`.`disposition_code` (`disposition_code_id`, `stage`, `stage_status`, `stage_status_name`, `stage_status_code`, `status`, `created_id`, `created_dtm`, `modified_id`, `modified_dtm`) VALUES (4, 'CONTACTED', 'RIGHT PARTY CONTACT', 'PAID', 'PAID', 1, 1, '2024-07-18 11:51:06', 1, '2024-07-18 11:51:06');
INSERT INTO `crm`.`disposition_code` (`disposition_code_id`, `stage`, `stage_status`, `stage_status_name`, `stage_status_code`, `status`, `created_id`, `created_dtm`, `modified_id`, `modified_dtm`) VALUES (5, 'CONTACTED', 'RIGHT PARTY CONTACT', 'PARTIAL PAYMENT', 'PART PAYMENT', 1, 1, '2024-07-18 11:51:06', 1, '2024-07-18 11:51:06');
INSERT INTO `crm`.`disposition_code` (`disposition_code_id`, `stage`, `stage_status`, `stage_status_name`, `stage_status_code`, `status`, `created_id`, `created_dtm`, `modified_id`, `modified_dtm`) VALUES (6, 'CONTACTED', 'RIGHT PARTY CONTACT', 'PROMISED TO PAY', 'PTP', 1, 1, '2024-07-18 11:51:06', 1, '2024-07-18 11:51:06');
INSERT INTO `crm`.`disposition_code` (`disposition_code_id`, `stage`, `stage_status`, `stage_status_name`, `stage_status_code`, `status`, `created_id`, `created_dtm`, `modified_id`, `modified_dtm`) VALUES (7, 'CONTACTED', 'RIGHT PARTY CONTACT', 'REFUSED TO PAY', 'RTP', 1, 1, '2024-07-18 11:51:06', 1, '2024-07-18 11:51:06');
INSERT INTO `crm`.`disposition_code` (`disposition_code_id`, `stage`, `stage_status`, `stage_status_name`, `stage_status_code`, `status`, `created_id`, `created_dtm`, `modified_id`, `modified_dtm`) VALUES (8, 'CONTACTED', 'RIGHT PARTY CONTACT', 'BROKEN PROMISE', 'BPTP', 1, 1, '2024-07-18 11:51:06', 1, '2024-07-18 11:51:06');
INSERT INTO `crm`.`disposition_code` (`disposition_code_id`, `stage`, `stage_status`, `stage_status_name`, `stage_status_code`, `status`, `created_id`, `created_dtm`, `modified_id`, `modified_dtm`) VALUES (9, 'CONTACTED', 'RIGHT PARTY CONTACT', 'DISPUTE', 'DISPUTE', 1, 1, '2024-07-18 11:51:06', 1, '2024-07-18 11:51:06');
INSERT INTO `crm`.`disposition_code` (`disposition_code_id`, `stage`, `stage_status`, `stage_status_name`, `stage_status_code`, `status`, `created_id`, `created_dtm`, `modified_id`, `modified_dtm`) VALUES (10, 'CONTACTED', 'RIGHT PARTY CONTACT', 'AVOIDING', 'AVOIDING', 1, 1, '2024-07-18 11:51:06', 1, '2024-07-18 11:51:06');
INSERT INTO `crm`.`disposition_code` (`disposition_code_id`, `stage`, `stage_status`, `stage_status_name`, `stage_status_code`, `status`, `created_id`, `created_dtm`, `modified_id`, `modified_dtm`) VALUES (11, 'CONTACTED', 'RIGHT PARTY CONTACT', 'NO INTENSION TO PAY', 'NITP', 1, 1, '2024-07-18 11:51:06', 1, '2024-07-18 11:51:06');
INSERT INTO `crm`.`disposition_code` (`disposition_code_id`, `stage`, `stage_status`, `stage_status_name`, `stage_status_code`, `status`, `created_id`, `created_dtm`, `modified_id`, `modified_dtm`) VALUES (12, 'CONTACTED', 'RIGHT PARTY CONTACT', 'BUYING TIME', 'BT', 1, 1, '2024-07-18 11:51:06', 1, '2024-07-18 11:51:06');
INSERT INTO `crm`.`disposition_code` (`disposition_code_id`, `stage`, `stage_status`, `stage_status_name`, `stage_status_code`, `status`, `created_id`, `created_dtm`, `modified_id`, `modified_dtm`) VALUES (13, 'CONTACTED', 'RIGHT PARTY CONTACT', 'SETTLEMENT', 'CLOSED', 1, 1, '2024-07-18 11:51:06', 1, '2024-07-18 11:51:06');
INSERT INTO `crm`.`disposition_code` (`disposition_code_id`, `stage`, `stage_status`, `stage_status_name`, `stage_status_code`, `status`, `created_id`, `created_dtm`, `modified_id`, `modified_dtm`) VALUES (14, 'CONTACTED', 'RIGHT PARTY CONTACT', 'SETTLEMENT ', 'ON GOING', 1, 1, '2024-07-18 11:51:06', 1, '2024-07-18 11:51:06');
INSERT INTO `crm`.`disposition_code` (`disposition_code_id`, `stage`, `stage_status`, `stage_status_name`, `stage_status_code`, `status`, `created_id`, `created_dtm`, `modified_id`, `modified_dtm`) VALUES (15, 'CONTACTED', 'THIRD PARTY CONTACT', 'FAMILY CONTACT', 'TPC', 1, 1, '2024-07-18 11:51:06', 1, '2024-07-18 11:51:06');
INSERT INTO `crm`.`disposition_code` (`disposition_code_id`, `stage`, `stage_status`, `stage_status_name`, `stage_status_code`, `status`, `created_id`, `created_dtm`, `modified_id`, `modified_dtm`) VALUES (16, 'CONTACTED', 'THIRD PARTY CONTACT', 'FRIEND CONTACT', 'TPC', 1, 1, '2024-07-18 11:51:06', 1, '2024-07-18 11:51:06');
INSERT INTO `crm`.`disposition_code` (`disposition_code_id`, `stage`, `stage_status`, `stage_status_name`, `stage_status_code`, `status`, `created_id`, `created_dtm`, `modified_id`, `modified_dtm`) VALUES (17, 'CONTACTED', 'THIRD PARTY CONTACT', 'COMPANY CONTACT', 'TPC', 1, 1, '2024-07-18 11:51:06', 1, '2024-07-18 11:51:06');
INSERT INTO `crm`.`disposition_code` (`disposition_code_id`, `stage`, `stage_status`, `stage_status_name`, `stage_status_code`, `status`, `created_id`, `created_dtm`, `modified_id`, `modified_dtm`) VALUES (18, 'CONTACTED', 'THIRD PARTY CONTACT', 'DECEASED', 'WDS', 1, 1, '2024-07-18 11:51:06', 1, '2024-07-18 11:51:06');
INSERT INTO `crm`.`disposition_code` (`disposition_code_id`, `stage`, `stage_status`, `stage_status_name`, `stage_status_code`, `status`, `created_id`, `created_dtm`, `modified_id`, `modified_dtm`) VALUES (19, 'NON CONTACTED', 'UNDER TRACING', 'NUMBER NOT FOUND', 'UTR', 1, 1, '2024-07-18 11:51:06', 1, '2024-07-18 11:51:06');
INSERT INTO `crm`.`disposition_code` (`disposition_code_id`, `stage`, `stage_status`, `stage_status_name`, `stage_status_code`, `status`, `created_id`, `created_dtm`, `modified_id`, `modified_dtm`) VALUES (20, 'NON CONTACTED', 'UNDER TRACING', 'NUMBER SWITCHED OFF', 'UTR', 1, 1, '2024-07-18 11:51:06', 1, '2024-07-18 11:51:06');
INSERT INTO `crm`.`disposition_code` (`disposition_code_id`, `stage`, `stage_status`, `stage_status_name`, `stage_status_code`, `status`, `created_id`, `created_dtm`, `modified_id`, `modified_dtm`) VALUES (21, 'NON CONTACTED', 'UNDER TRACING', 'NOT REACHABLE', 'UTR', 1, 1, '2024-07-18 11:51:06', 1, '2024-07-18 11:51:06');
INSERT INTO `crm`.`disposition_code` (`disposition_code_id`, `stage`, `stage_status`, `stage_status_name`, `stage_status_code`, `status`, `created_id`, `created_dtm`, `modified_id`, `modified_dtm`) VALUES (22, 'NON CONTACTED', 'SKIP', 'NO CONTACT ESTABLISHED', 'NC', 1, 1, '2024-07-18 11:51:06', 1, '2024-07-18 11:51:06');

COMMIT;


-- -----------------------------------------------------
-- Data for table `crm`.`task_status_type`
-- -----------------------------------------------------
START TRANSACTION;
USE `crm`;
INSERT INTO `crm`.`task_status_type` (`task_status_type_id`, `task_status_type_name`, `status`, `created_id`, `created_dtm`, `modified_id`, `modified_dtm`) VALUES (1, 'PENDING', 1, 1, '2024-05-14 18:21:51', 1, '2024-05-14 18:21:51');
INSERT INTO `crm`.`task_status_type` (`task_status_type_id`, `task_status_type_name`, `status`, `created_id`, `created_dtm`, `modified_id`, `modified_dtm`) VALUES (2, 'IN PROGRESS', 1, 1, '2024-05-14 18:21:51', 1, '2024-05-14 18:21:51');
INSERT INTO `crm`.`task_status_type` (`task_status_type_id`, `task_status_type_name`, `status`, `created_id`, `created_dtm`, `modified_id`, `modified_dtm`) VALUES (3, 'COMPLETED', 1, 1, '2024-05-14 18:21:51', 1, '2024-05-14 18:21:51');
INSERT INTO `crm`.`task_status_type` (`task_status_type_id`, `task_status_type_name`, `status`, `created_id`, `created_dtm`, `modified_id`, `modified_dtm`) VALUES (4, 'DEFERRED', 1, 1, '2024-05-14 18:21:51', 1, '2024-05-14 18:21:51');
INSERT INTO `crm`.`task_status_type` (`task_status_type_id`, `task_status_type_name`, `status`, `created_id`, `created_dtm`, `modified_id`, `modified_dtm`) VALUES (5, 'CANCELLED', 1, 1, '2024-05-14 18:21:51', 1, '2024-05-14 18:21:51');
INSERT INTO `crm`.`task_status_type` (`task_status_type_id`, `task_status_type_name`, `status`, `created_id`, `created_dtm`, `modified_id`, `modified_dtm`) VALUES (6, 'RE WORK', 1, 1, '2024-05-14 18:21:51', 1, '2024-05-14 18:21:51');
INSERT INTO `crm`.`task_status_type` (`task_status_type_id`, `task_status_type_name`, `status`, `created_id`, `created_dtm`, `modified_id`, `modified_dtm`) VALUES (7, 'AWAITING ASSIGNMENT', 1, 1, '2024-05-14 18:21:51', 1, '2024-05-14 18:21:51');
INSERT INTO `crm`.`task_status_type` (`task_status_type_id`, `task_status_type_name`, `status`, `created_id`, `created_dtm`, `modified_id`, `modified_dtm`) VALUES (8, 'MET', 1, 1, '2024-05-14 18:21:51', 1, '2024-05-14 18:21:51');
INSERT INTO `crm`.`task_status_type` (`task_status_type_id`, `task_status_type_name`, `status`, `created_id`, `created_dtm`, `modified_id`, `modified_dtm`) VALUES (9, 'NOT MET', 1, 1, '2024-05-14 18:21:51', 1, '2024-05-14 18:21:51');

COMMIT;


-- -----------------------------------------------------
-- Data for table `crm`.`old_disposition_code`
-- -----------------------------------------------------
START TRANSACTION;
USE `crm`;
INSERT INTO `crm`.`old_disposition_code` (`old_disposition_code_id`, `disposition_stage`, `disposition_status`, `disposition_code`, `status`, `created_id`, `created_dtm`, `modified_id`, `modified_dtm`) VALUES (1, 'RIGHT PARTY OR SKIP RIGHT PARTY CONTACT', 'UNDER NEGOTIATION', 'UNG', 1, 1, '2024-05-14 12:34:28', 1, '2024-05-14 12:34:28');
INSERT INTO `crm`.`old_disposition_code` (`old_disposition_code_id`, `disposition_stage`, `disposition_status`, `disposition_code`, `status`, `created_id`, `created_dtm`, `modified_id`, `modified_dtm`) VALUES (2, 'RIGHT PARTY OR SKIP RIGHT PARTY CONTACT', 'FOLLOW UP', 'FU', 1, 1, '2024-05-14 12:34:28', 1, '2024-05-14 12:34:28');
INSERT INTO `crm`.`old_disposition_code` (`old_disposition_code_id`, `disposition_stage`, `disposition_status`, `disposition_code`, `status`, `created_id`, `created_dtm`, `modified_id`, `modified_dtm`) VALUES (3, 'RIGHT PARTY OR SKIP RIGHT PARTY CONTACT', 'EXECUTION CASE FILED', 'CHQ_EXE', 1, 1, '2024-05-14 12:34:28', 1, '2024-05-14 12:34:28');
INSERT INTO `crm`.`old_disposition_code` (`old_disposition_code_id`, `disposition_stage`, `disposition_status`, `disposition_code`, `status`, `created_id`, `created_dtm`, `modified_id`, `modified_dtm`) VALUES (4, 'RIGHT PARTY OR SKIP RIGHT PARTY CONTACT', 'CALL BACK', 'CB', 1, 1, '2024-05-14 12:34:28', 1, '2024-05-14 12:34:28');
INSERT INTO `crm`.`old_disposition_code` (`old_disposition_code_id`, `disposition_stage`, `disposition_status`, `disposition_code`, `status`, `created_id`, `created_dtm`, `modified_id`, `modified_dtm`) VALUES (5, 'RIGHT PARTY OR SKIP RIGHT PARTY CONTACT', 'EXECUTION CASE REQUESTED', 'CHQ_EXE', 1, 1, '2024-05-14 12:34:28', 1, '2024-05-14 12:34:28');
INSERT INTO `crm`.`old_disposition_code` (`old_disposition_code_id`, `disposition_stage`, `disposition_status`, `disposition_code`, `status`, `created_id`, `created_dtm`, `modified_id`, `modified_dtm`) VALUES (6, 'RIGHT PARTY OR SKIP RIGHT PARTY CONTACT', 'CIVIL CASE', 'CIVIL CASE', 1, 1, '2024-05-14 12:34:28', 1, '2024-05-14 12:34:28');
INSERT INTO `crm`.`old_disposition_code` (`old_disposition_code_id`, `disposition_stage`, `disposition_status`, `disposition_code`, `status`, `created_id`, `created_dtm`, `modified_id`, `modified_dtm`) VALUES (7, 'RIGHT PARTY OR SKIP RIGHT PARTY CONTACT', 'PROMISED TO PAY', 'PTP', 1, 1, '2024-05-14 12:34:28', 1, '2024-05-14 12:34:28');
INSERT INTO `crm`.`old_disposition_code` (`old_disposition_code_id`, `disposition_stage`, `disposition_status`, `disposition_code`, `status`, `created_id`, `created_dtm`, `modified_id`, `modified_dtm`) VALUES (8, 'RIGHT PARTY OR SKIP RIGHT PARTY CONTACT', 'REFUSED TO PAY', 'RTP', 1, 1, '2024-05-14 12:34:28', 1, '2024-05-14 12:34:28');
INSERT INTO `crm`.`old_disposition_code` (`old_disposition_code_id`, `disposition_stage`, `disposition_status`, `disposition_code`, `status`, `created_id`, `created_dtm`, `modified_id`, `modified_dtm`) VALUES (9, 'RIGHT PARTY OR SKIP RIGHT PARTY CONTACT', 'BROKEN PROMISE', 'BP', 1, 1, '2024-05-14 12:34:28', 1, '2024-05-14 12:34:28');
INSERT INTO `crm`.`old_disposition_code` (`old_disposition_code_id`, `disposition_stage`, `disposition_status`, `disposition_code`, `status`, `created_id`, `created_dtm`, `modified_id`, `modified_dtm`) VALUES (10, 'RIGHT PARTY OR SKIP RIGHT PARTY CONTACT', 'DISPUTE', 'DISP', 1, 1, '2024-05-14 12:34:28', 1, '2024-05-14 12:34:28');
INSERT INTO `crm`.`old_disposition_code` (`old_disposition_code_id`, `disposition_stage`, `disposition_status`, `disposition_code`, `status`, `created_id`, `created_dtm`, `modified_id`, `modified_dtm`) VALUES (11, 'RIGHT PARTY OR SKIP RIGHT PARTY CONTACT', 'EMAIL CONTACT', 'EMAIL CT', 1, 1, '2024-05-14 12:34:28', 1, '2024-05-14 12:34:28');
INSERT INTO `crm`.`old_disposition_code` (`old_disposition_code_id`, `disposition_stage`, `disposition_status`, `disposition_code`, `status`, `created_id`, `created_dtm`, `modified_id`, `modified_dtm`) VALUES (12, 'RIGHT PARTY OR SKIP RIGHT PARTY CONTACT', 'AVOIDING', 'AVOID', 1, 1, '2024-05-14 12:34:28', 1, '2024-05-14 12:34:28');
INSERT INTO `crm`.`old_disposition_code` (`old_disposition_code_id`, `disposition_stage`, `disposition_status`, `disposition_code`, `status`, `created_id`, `created_dtm`, `modified_id`, `modified_dtm`) VALUES (13, 'RIGHT PARTY OR SKIP RIGHT PARTY CONTACT', 'NON-COOPERATIVE', 'NONCO', 1, 1, '2024-05-14 12:34:28', 1, '2024-05-14 12:34:28');
INSERT INTO `crm`.`old_disposition_code` (`old_disposition_code_id`, `disposition_stage`, `disposition_status`, `disposition_code`, `status`, `created_id`, `created_dtm`, `modified_id`, `modified_dtm`) VALUES (14, 'RIGHT PARTY OR SKIP RIGHT PARTY CONTACT', 'SETTLEMENT REQUESTED', 'SREQ', 1, 1, '2024-05-14 12:34:28', 1, '2024-05-14 12:34:28');
INSERT INTO `crm`.`old_disposition_code` (`old_disposition_code_id`, `disposition_stage`, `disposition_status`, `disposition_code`, `status`, `created_id`, `created_dtm`, `modified_id`, `modified_dtm`) VALUES (15, 'RIGHT PARTY OR SKIP RIGHT PARTY CONTACT', 'SETTLEMENT  APPROVED', 'SAPPR', 1, 1, '2024-05-14 12:34:28', 1, '2024-05-14 12:34:28');
INSERT INTO `crm`.`old_disposition_code` (`old_disposition_code_id`, `disposition_stage`, `disposition_status`, `disposition_code`, `status`, `created_id`, `created_dtm`, `modified_id`, `modified_dtm`) VALUES (16, 'RIGHT PARTY OR SKIP RIGHT PARTY CONTACT', 'SETTLEMENT DECLINED', 'SDEC', 1, 1, '2024-05-14 12:34:28', 1, '2024-05-14 12:34:28');
INSERT INTO `crm`.`old_disposition_code` (`old_disposition_code_id`, `disposition_stage`, `disposition_status`, `disposition_code`, `status`, `created_id`, `created_dtm`, `modified_id`, `modified_dtm`) VALUES (17, 'PAID OR SETTLEMENT', 'MULTIPLE SETTLEMENT', 'MS', 1, 1, '2024-05-14 12:34:28', 1, '2024-05-14 12:34:28');
INSERT INTO `crm`.`old_disposition_code` (`old_disposition_code_id`, `disposition_stage`, `disposition_status`, `disposition_code`, `status`, `created_id`, `created_dtm`, `modified_id`, `modified_dtm`) VALUES (18, 'PAID OR SETTLEMENT', 'PAYMENT REMINDER', 'PR', 1, 1, '2024-05-14 12:34:28', 1, '2024-05-14 12:34:28');
INSERT INTO `crm`.`old_disposition_code` (`old_disposition_code_id`, `disposition_stage`, `disposition_status`, `disposition_code`, `status`, `created_id`, `created_dtm`, `modified_id`, `modified_dtm`) VALUES (19, 'PAID OR SETTLEMENT', 'BROKEN SETTLEMENT', 'BS', 1, 1, '2024-05-14 12:34:28', 1, '2024-05-14 12:34:28');
INSERT INTO `crm`.`old_disposition_code` (`old_disposition_code_id`, `disposition_stage`, `disposition_status`, `disposition_code`, `status`, `created_id`, `created_dtm`, `modified_id`, `modified_dtm`) VALUES (20, 'PAID OR SETTLEMENT', 'PARTIAL PAYMENT', 'PP', 1, 1, '2024-05-14 12:34:28', 1, '2024-05-14 12:34:28');
INSERT INTO `crm`.`old_disposition_code` (`old_disposition_code_id`, `disposition_stage`, `disposition_status`, `disposition_code`, `status`, `created_id`, `created_dtm`, `modified_id`, `modified_dtm`) VALUES (21, 'IDENTIFIED ON WEB OR WEB TRACED', 'FOUND LINKEDIN', 'LNKDN', 1, 1, '2024-05-14 12:34:28', 1, '2024-05-14 12:34:28');
INSERT INTO `crm`.`old_disposition_code` (`old_disposition_code_id`, `disposition_stage`, `disposition_status`, `disposition_code`, `status`, `created_id`, `created_dtm`, `modified_id`, `modified_dtm`) VALUES (22, 'IDENTIFIED ON WEB OR WEB TRACED', 'FOUND FACEBOOK', 'FCBK', 1, 1, '2024-05-14 12:34:28', 1, '2024-05-14 12:34:28');
INSERT INTO `crm`.`old_disposition_code` (`old_disposition_code_id`, `disposition_stage`, `disposition_status`, `disposition_code`, `status`, `created_id`, `created_dtm`, `modified_id`, `modified_dtm`) VALUES (23, 'IDENTIFIED ON WEB OR WEB TRACED', 'FOUND EMAIL', 'NEW EM', 1, 1, '2024-05-14 12:34:28', 1, '2024-05-14 12:34:28');
INSERT INTO `crm`.`old_disposition_code` (`old_disposition_code_id`, `disposition_stage`, `disposition_status`, `disposition_code`, `status`, `created_id`, `created_dtm`, `modified_id`, `modified_dtm`) VALUES (24, 'IDENTIFIED ON WEB OR WEB TRACED', 'ANY OTHER ADDITIONAL INFO ON WEB', 'AD INFO', 1, 1, '2024-05-14 12:34:28', 1, '2024-05-14 12:34:28');

COMMIT;


-- -----------------------------------------------------
-- Data for table `crm`.`sq_parameter_type`
-- -----------------------------------------------------
START TRANSACTION;
USE `crm`;
INSERT INTO `crm`.`sq_parameter_type` (`sq_parameter_type_id`, `sq_parameter_type_name`, `status`, `created_id`, `created_dtm`, `modified_id`, `modified_dtm`) VALUES (1, 'CALL OPENING', 1, 1, '2024-06-13 06:26:02', 1, '2024-06-13 06:26:02');
INSERT INTO `crm`.`sq_parameter_type` (`sq_parameter_type_id`, `sq_parameter_type_name`, `status`, `created_id`, `created_dtm`, `modified_id`, `modified_dtm`) VALUES (2, 'CALL PURPOSE', 1, 1, '2024-06-13 06:26:02', 1, '2024-06-13 06:26:02');
INSERT INTO `crm`.`sq_parameter_type` (`sq_parameter_type_id`, `sq_parameter_type_name`, `status`, `created_id`, `created_dtm`, `modified_id`, `modified_dtm`) VALUES (3, 'ASSESS THE CUSTOMER', 1, 1, '2024-06-13 06:26:02', 1, '2024-06-13 06:26:02');
INSERT INTO `crm`.`sq_parameter_type` (`sq_parameter_type_id`, `sq_parameter_type_name`, `status`, `created_id`, `created_dtm`, `modified_id`, `modified_dtm`) VALUES (4, 'NEGOTIATION', 1, 1, '2024-06-13 06:26:02', 1, '2024-06-13 06:26:02');
INSERT INTO `crm`.`sq_parameter_type` (`sq_parameter_type_id`, `sq_parameter_type_name`, `status`, `created_id`, `created_dtm`, `modified_id`, `modified_dtm`) VALUES (5, 'BEHAVIORAL NON CRITICAL', 1, 1, '2024-06-13 06:26:02', 1, '2024-06-13 06:26:02');
INSERT INTO `crm`.`sq_parameter_type` (`sq_parameter_type_id`, `sq_parameter_type_name`, `status`, `created_id`, `created_dtm`, `modified_id`, `modified_dtm`) VALUES (6, 'CALL CLOSING', 1, 1, '2024-06-13 06:26:02', 1, '2024-06-13 06:26:02');
INSERT INTO `crm`.`sq_parameter_type` (`sq_parameter_type_id`, `sq_parameter_type_name`, `status`, `created_id`, `created_dtm`, `modified_id`, `modified_dtm`) VALUES (7, 'SYSTEM UPDATE', 1, 1, '2024-06-13 06:26:02', 1, '2024-06-13 06:26:02');
INSERT INTO `crm`.`sq_parameter_type` (`sq_parameter_type_id`, `sq_parameter_type_name`, `status`, `created_id`, `created_dtm`, `modified_id`, `modified_dtm`) VALUES (8, 'VERIFICATION', 1, 1, '2024-06-13 06:26:02', 1, '2024-06-13 06:26:02');
INSERT INTO `crm`.`sq_parameter_type` (`sq_parameter_type_id`, `sq_parameter_type_name`, `status`, `created_id`, `created_dtm`, `modified_id`, `modified_dtm`) VALUES (9, 'ZERO TOLERANCE', 1, 1, '2024-06-13 06:26:02', 1, '2024-06-13 06:26:02');

COMMIT;


-- -----------------------------------------------------
-- Data for table `crm`.`tracing_source_type`
-- -----------------------------------------------------
START TRANSACTION;
USE `crm`;
INSERT INTO `crm`.`tracing_source_type` (`tracing_source_type_id`, `tracing_source_type_name`, `status`, `created_id`, `created_dtm`, `modified_id`, `modified_dtm`) VALUES (1, 'NAUKRI INDIA', 1, 1, '2024-07-02 10:09:33', 1, '2024-07-02 10:09:33');
INSERT INTO `crm`.`tracing_source_type` (`tracing_source_type_id`, `tracing_source_type_name`, `status`, `created_id`, `created_dtm`, `modified_id`, `modified_dtm`) VALUES (2, 'NAUKRI GULF', 1, 1, '2024-07-02 10:09:33', 1, '2024-07-02 10:09:33');
INSERT INTO `crm`.`tracing_source_type` (`tracing_source_type_id`, `tracing_source_type_name`, `status`, `created_id`, `created_dtm`, `modified_id`, `modified_dtm`) VALUES (3, 'INDEED', 1, 1, '2024-07-02 10:09:33', 1, '2024-07-02 10:09:33');
INSERT INTO `crm`.`tracing_source_type` (`tracing_source_type_id`, `tracing_source_type_name`, `status`, `created_id`, `created_dtm`, `modified_id`, `modified_dtm`) VALUES (4, 'FOUNDIT', 1, 1, '2024-07-02 10:09:33', 1, '2024-07-02 10:09:33');
INSERT INTO `crm`.`tracing_source_type` (`tracing_source_type_id`, `tracing_source_type_name`, `status`, `created_id`, `created_dtm`, `modified_id`, `modified_dtm`) VALUES (5, 'TRUECALLER', 1, 1, '2024-07-02 10:09:33', 1, '2024-07-02 10:09:33');
INSERT INTO `crm`.`tracing_source_type` (`tracing_source_type_id`, `tracing_source_type_name`, `status`, `created_id`, `created_dtm`, `modified_id`, `modified_dtm`) VALUES (6, 'GOOGLE', 1, 1, '2024-07-02 10:09:33', 1, '2024-07-02 10:09:33');
INSERT INTO `crm`.`tracing_source_type` (`tracing_source_type_id`, `tracing_source_type_name`, `status`, `created_id`, `created_dtm`, `modified_id`, `modified_dtm`) VALUES (7, 'FACEBOOK', 1, 1, '2024-07-02 10:09:33', 1, '2024-07-02 10:09:33');
INSERT INTO `crm`.`tracing_source_type` (`tracing_source_type_id`, `tracing_source_type_name`, `status`, `created_id`, `created_dtm`, `modified_id`, `modified_dtm`) VALUES (8, 'LINKEDIN', 1, 1, '2024-07-02 10:09:33', 1, '2024-07-02 10:09:33');
INSERT INTO `crm`.`tracing_source_type` (`tracing_source_type_id`, `tracing_source_type_name`, `status`, `created_id`, `created_dtm`, `modified_id`, `modified_dtm`) VALUES (9, 'SIGNAL HIRE', 1, 1, '2024-07-02 10:09:33', 1, '2024-07-02 10:09:33');
INSERT INTO `crm`.`tracing_source_type` (`tracing_source_type_id`, `tracing_source_type_name`, `status`, `created_id`, `created_dtm`, `modified_id`, `modified_dtm`) VALUES (10, 'ROCKET REACH', 1, 1, '2024-07-02 10:09:33', 1, '2024-07-02 10:09:33');
INSERT INTO `crm`.`tracing_source_type` (`tracing_source_type_id`, `tracing_source_type_name`, `status`, `created_id`, `created_dtm`, `modified_id`, `modified_dtm`) VALUES (11, 'MY LPG', 1, 1, '2024-07-02 10:09:33', 1, '2024-07-02 10:09:33');
INSERT INTO `crm`.`tracing_source_type` (`tracing_source_type_id`, `tracing_source_type_name`, `status`, `created_id`, `created_dtm`, `modified_id`, `modified_dtm`) VALUES (12, 'WARD MEMBER', 1, 1, '2024-07-02 10:09:33', 1, '2024-07-02 10:09:33');
INSERT INTO `crm`.`tracing_source_type` (`tracing_source_type_id`, `tracing_source_type_name`, `status`, `created_id`, `created_dtm`, `modified_id`, `modified_dtm`) VALUES (13, 'VOTER ID', 1, 1, '2024-07-02 10:09:33', 1, '2024-07-02 10:09:33');
INSERT INTO `crm`.`tracing_source_type` (`tracing_source_type_id`, `tracing_source_type_name`, `status`, `created_id`, `created_dtm`, `modified_id`, `modified_dtm`) VALUES (14, 'TWITTER', 1, 1, '2024-07-02 10:09:33', 1, '2024-07-02 10:09:33');
INSERT INTO `crm`.`tracing_source_type` (`tracing_source_type_id`, `tracing_source_type_name`, `status`, `created_id`, `created_dtm`, `modified_id`, `modified_dtm`) VALUES (15, 'PIPL', 1, 1, '2024-07-02 10:09:33', 1, '2024-07-02 10:09:33');
INSERT INTO `crm`.`tracing_source_type` (`tracing_source_type_id`, `tracing_source_type_name`, `status`, `created_id`, `created_dtm`, `modified_id`, `modified_dtm`) VALUES (16, 'ZAUBACORP', 1, 1, '2024-07-02 10:09:33', 1, '2024-07-02 10:09:33');
INSERT INTO `crm`.`tracing_source_type` (`tracing_source_type_id`, `tracing_source_type_name`, `status`, `created_id`, `created_dtm`, `modified_id`, `modified_dtm`) VALUES (17, 'BSNL', 1, 1, '2024-07-02 10:09:33', 1, '2024-07-02 10:09:33');
INSERT INTO `crm`.`tracing_source_type` (`tracing_source_type_id`, `tracing_source_type_name`, `status`, `created_id`, `created_dtm`, `modified_id`, `modified_dtm`) VALUES (18, 'METRO WATER', 1, 1, '2024-07-02 10:09:33', 1, '2024-07-02 10:09:33');
INSERT INTO `crm`.`tracing_source_type` (`tracing_source_type_id`, `tracing_source_type_name`, `status`, `created_id`, `created_dtm`, `modified_id`, `modified_dtm`) VALUES (19, 'RTO DETAILS', 1, 1, '2024-07-02 10:09:33', 1, '2024-07-02 10:09:33');
INSERT INTO `crm`.`tracing_source_type` (`tracing_source_type_id`, `tracing_source_type_name`, `status`, `created_id`, `created_dtm`, `modified_id`, `modified_dtm`) VALUES (20, 'OTHERS', 1, 1, '2024-07-02 10:09:33', 1, '2024-07-02 10:09:33');

COMMIT;

